{"cameraMode":{"drawMode":0,"name":"Shaded","section":"Shading Mode"},"sceneLighting":true,"audioPlay":false,"sceneViewState":{"m_AlwaysRefresh":false,"showFog":true,"showSkybox":true,"showFlares":true,"showImageEffects":true,"showParticleSystems":true,"showVisualEffectGraphs":true,"m_FxEnabled":true},"in2DMode":false,"pivot":{"x":1.025706171989441,"y":1.9813519716262818,"z":-1.140354037284851},"rotation":{"x":0.08998065441846848,"y":0.06748238950967789,"z":-0.00611072825267911,"w":0.9936394095420837},"size":9.244733810424805,"orthographic":false}